lga_id,lga_name,population,score,national_rank,national_decile,national_percentile,state,state_rank,state_decile,state_percentile,
10050,Albury (C),47851,967,290,6,52,NSW,87,6,57,
10110,Armidale Dumaresq (A),24122,985,365,7,65,NSW,103,7,67,
10150,Ashfield (A),41216,1031,472,9,84,NSW,122,8,80,
10200,Auburn (C),73744,944,209,4,37,NSW,62,5,41,
10250,Ballina (A),39263,980,343,7,61,NSW,99,7,65,
10300,Balranald (A),2284,929,133,3,24,NSW,33,3,22,
10350,Bankstown (C),182366,946,217,4,39,NSW,67,5,44,
10470,Bathurst Regional (A),38514,985,367,7,65,NSW,104,7,68,
10550,Bega Valley (A),31951,951,233,5,42,NSW,71,5,47,
10600,Bellingen (A),12524,942,190,4,34,NSW,55,4,36,
10650,Berrigan (A),8067,938,172,4,31,NSW,48,4,32,
10750,Blacktown (C),301125,974,317,6,57,NSW,93,7,61,
10800,Bland (A),5868,959,251,5,45,NSW,77,6,51,
10850,Blayney (A),6980,973,315,6,56,NSW,92,6,60,
10900,Blue Mountains (C),75930,1038,484,9,86,NSW,125,9,82,
10950,Bogan (A),2897,934,158,3,28,NSW,40,3,26,
11000,Bombala (A),2411,936,166,3,30,NSW,45,3,30,
11050,Boorowa (A),2397,954,242,5,43,NSW,74,5,49,
11100,Botany Bay (C),39378,985,368,7,66,NSW,105,7,69,
11150,Bourke (A),2870,934,153,3,28,NSW,37,3,25,
11200,Brewarrina (A),1767,816,36,1,7,NSW,1,1,1,
11250,Broken Hill (C),18521,888,58,2,11,NSW,8,1,6,
11300,Burwood (A),32428,1022,457,9,81,NSW,121,8,79,
11350,Byron (A),29233,979,340,7,61,NSW,98,7,64,
11400,Cabonne (A),12836,993,391,7,70,NSW,111,8,73,
11450,Camden (A),56724,1056,511,10,91,NSW,133,9,87,
11500,Campbelltown (C),145938,943,196,4,35,NSW,58,4,38,
11520,Canada Bay (A),75750,1086,532,10,95,NSW,138,9,90,
11550,Canterbury (C),137406,939,179,4,32,NSW,51,4,34,
11600,Carrathool (A),2580,959,250,5,45,NSW,76,5,50,
11700,Central Darling (A),1989,841,37,1,7,NSW,2,1,2,
11720,Cessnock (C),50818,922,115,3,21,NSW,28,2,19,
11730,Clarence Valley (A),49681,907,76,2,14,NSW,13,1,9,
11750,Cobar (A),4727,944,205,4,37,NSW,60,4,39,
11800,Coffs Harbour (C),68428,950,229,5,41,NSW,70,5,46,
11860,Conargo (A),1535,1039,485,9,86,NSW,126,9,82,
12000,Coolamon (A),4107,960,256,5,46,NSW,80,6,52,
12050,Cooma-Monaro (A),9767,976,327,6,58,NSW,95,7,62,
12150,Coonamble (A),4039,887,54,1,10,NSW,6,1,4,
12200,Cootamundra (A),7344,928,129,3,23,NSW,32,3,21,
12300,Corowa Shire (A),10997,943,195,4,35,NSW,57,4,38,
12350,Cowra (A),12155,919,108,2,20,NSW,24,2,16,
12500,Deniliquin (A),7125,926,126,3,23,NSW,31,3,21,
12600,Dubbo (C),38826,965,278,5,50,NSW,83,6,54,
12700,Dungog (A),8318,978,336,6,60,NSW,97,7,63,
12750,Eurobodalla (A),35773,940,183,4,33,NSW,53,4,35,
12850,Fairfield (C),187793,886,52,1,10,NSW,5,1,4,
12900,Forbes (A),9165,936,164,3,30,NSW,44,3,29,
12950,Gilgandra (A),4355,911,88,2,16,NSW,16,2,11,
13010,Glen Innes Severn (A),8658,914,95,2,17,NSW,20,2,13,
13050,Gloucester (A),4867,937,170,4,31,NSW,47,4,31,
13100,Gosford (C),162460,1001,411,8,73,NSW,115,8,75,
13310,Goulburn Mulwaree (A),27453,944,207,4,37,NSW,61,4,40,
13320,Great Lakes (A),34435,920,110,2,20,NSW,26,2,17,
13340,Greater Hume Shire (A),9814,976,328,6,59,NSW,96,7,63,
13380,Greater Taree (C),46551,906,75,2,14,NSW,12,1,8,
13450,Griffith (C),24380,951,235,5,42,NSW,73,5,48,
13500,Gundagai (A),3656,945,213,4,38,NSW,64,5,42,
13550,Gunnedah (A),12079,936,163,3,29,NSW,43,3,28,
13650,Guyra (A),4393,921,111,2,20,NSW,27,2,18,
13660,Gwydir (A),4953,934,154,3,28,NSW,38,3,25,
13700,Harden (A),3574,933,150,3,27,NSW,35,3,23,
13800,Hawkesbury (C),62324,1017,448,8,80,NSW,118,8,77,
13850,Hay (A),2940,915,97,2,18,NSW,21,2,14,
13950,Holroyd (C),99174,972,309,6,55,NSW,91,6,60,
14000,Hornsby (A),156862,1106,546,10,97,NSW,143,10,93,
14100,Hunters Hill (A),13221,1123,553,10,98,NSW,146,10,95,
14150,Hurstville (C),78828,1018,450,8,80,NSW,119,8,78,
14200,Inverell (A),16078,912,92,2,17,NSW,18,2,12,
14250,Jerilderie (A),1492,983,356,7,64,NSW,101,7,66,
14300,Junee (A),5881,932,147,3,27,NSW,34,3,23,
14350,Kempsey (A),28126,876,47,1,9,NSW,4,1,3,
14400,Kiama (A),19993,1050,503,9,90,NSW,129,9,84,
14450,Kogarah (C),55792,1051,505,9,90,NSW,131,9,86,
14500,Ku-ring-gai (A),109279,1155,563,10,100,NSW,153,10,100,
14550,Kyogle (A),9231,902,70,2,13,NSW,11,1,8,
14600,Lachlan (A),6470,934,155,3,28,NSW,39,3,26,
14650,Lake Macquarie (C),188985,985,369,7,66,NSW,106,7,69,
14700,Lane Cove (A),31524,1130,558,10,99,NSW,151,10,99,
14750,Leeton (A),11014,938,176,4,32,NSW,50,4,33,
14800,Leichhardt (A),52196,1105,545,10,97,NSW,142,10,93,
14850,Lismore (C),42770,946,216,4,39,NSW,66,5,43,
14870,Lithgow (C),20142,916,99,2,18,NSW,22,2,15,
14900,Liverpool (C),180172,968,293,6,52,NSW,88,6,58,
14920,Liverpool Plains (A),7490,913,93,2,17,NSW,19,2,13,
14950,Lockhart (A),3006,983,358,7,64,NSW,102,7,67,
15050,Maitland (C),67443,986,371,7,66,NSW,107,7,70,
15150,Manly (A),39737,1125,554,10,99,NSW,147,10,96,
15200,Marrickville (A),76448,1043,492,9,88,NSW,127,9,83,
15270,Mid-Western Regional (A),22300,951,234,5,42,NSW,72,5,47,
15300,Moree Plains (A),13415,917,103,2,19,NSW,23,2,15,
15350,Mosman (A),27462,1138,559,10,99,NSW,152,10,99,
15500,Murray (A),6966,967,285,6,51,NSW,85,6,56,
15550,Murrumbidgee (A),2262,919,109,2,20,NSW,25,2,17,
15650,Muswellbrook (A),15789,959,252,5,45,NSW,78,6,51,
15700,Nambucca (A),18642,891,60,2,11,NSW,9,1,6,
15750,Narrabri (A),12944,940,185,4,33,NSW,54,4,36,
15800,Narrandera (A),5897,912,91,2,17,NSW,17,2,12,
15850,Narromine (A),6583,922,116,3,21,NSW,29,2,19,
15900,Newcastle (C),148542,991,387,7,69,NSW,110,8,72,
15950,North Sydney (A),62300,1126,555,10,99,NSW,148,10,97,
16100,Oberon (A),5027,960,255,5,46,NSW,79,6,52,
16150,Orange (C),38049,971,308,6,55,NSW,90,6,59,
16180,Palerang (A),14345,1091,537,10,96,NSW,139,10,91,
16200,Parkes (A),14589,933,151,3,27,NSW,36,3,24,
16250,Parramatta (C),166935,996,400,8,71,NSW,112,8,73,
16350,Penrith (C),178469,989,380,7,68,NSW,109,8,71,
16370,Pittwater (A),57171,1114,550,10,98,NSW,145,10,95,
16380,Port Macquarie-Hastings (A),72700,957,249,5,45,NSW,75,5,49,
16400,Port Stephens (A),64779,970,303,6,54,NSW,89,6,58,
16470,Queanbeyan (C),37992,1051,506,9,90,NSW,132,9,86,
16550,Randwick (C),129015,1063,517,10,92,NSW,134,9,88,
16610,Richmond Valley (A),22058,888,56,1,10,NSW,7,1,5,
16650,Rockdale (C),97291,1001,410,8,73,NSW,114,8,75,
16700,Ryde (C),103039,1067,520,10,93,NSW,136,9,89,
16900,Shellharbour (C),63587,961,261,5,47,NSW,81,6,53,
16950,Shoalhaven (C),92784,944,210,4,38,NSW,63,5,41,
17000,Singleton (A),22727,1007,422,8,75,NSW,116,8,76,
17050,Snowy River (A),7509,1031,473,9,84,NSW,123,8,80,
17100,Strathfield (A),35222,1044,495,9,88,NSW,128,9,84,
17150,Sutherland Shire (A),210759,1083,531,10,94,NSW,137,9,89,
17200,Sydney (C),169523,1051,504,9,90,NSW,130,9,85,
17310,Tamworth Regional (A),56340,949,228,5,41,NSW,69,5,45,
17350,Temora (A),5758,937,168,3,30,NSW,46,3,30,
17400,Tenterfield (A),6804,907,77,2,14,NSW,14,1,10,
17420,The Hills Shire (A),169810,1128,556,10,99,NSW,149,10,97,
17450,Tumbarumba (A),3364,944,201,4,36,NSW,59,4,39,
17500,Tumut Shire (A),10938,936,160,3,29,NSW,41,3,27,
17550,Tweed (A),85163,949,227,5,41,NSW,68,5,45,
17620,Upper Hunter Shire (A),13766,967,287,6,51,NSW,86,6,56,
17640,Upper Lachlan Shire (A),7203,996,401,8,71,NSW,113,8,74,
17650,Uralla (A),6033,974,318,6,57,NSW,94,7,62,
17700,Urana (A),1149,925,121,3,22,NSW,30,2,20,
17750,Wagga Wagga (C),59460,987,373,7,67,NSW,108,8,71,
17800,Wakool (A),3953,962,262,5,47,NSW,82,6,54,
17850,Walcha (A),3033,965,280,5,50,NSW,84,6,55,
17900,Walgett (A),6452,864,43,1,8,NSW,3,1,2,
17950,Warren (A),2752,938,173,4,31,NSW,49,4,32,
18000,Warringah (A),140789,1095,541,10,96,NSW,140,10,91,
18020,Warrumbungle Shire (A),9590,910,85,2,16,NSW,15,1,10,
18050,Waverley (A),63504,1101,544,10,97,NSW,141,10,92,
18100,Weddin (A),3661,939,180,4,32,NSW,52,4,34,
18150,Wellington (A),8500,899,68,2,13,NSW,10,1,7,
18200,Wentworth (A),6610,945,214,4,38,NSW,65,5,43,
18250,Willoughby (C),67378,1111,549,10,98,NSW,144,10,94,
18350,Wingecarribee (A),44383,1019,451,8,80,NSW,120,8,78,
18400,Wollondilly (A),43247,1033,476,9,85,NSW,124,9,81,
18450,Wollongong (C),192336,981,350,7,62,NSW,100,7,65,
18500,Woollahra (A),52165,1130,557,10,99,NSW,150,10,98,
18550,Wyong (A),149732,942,191,4,34,NSW,56,4,37,
18710,Yass Valley (A),15025,1064,518,10,92,NSW,135,9,88,
18750,Young (A),12238,936,161,3,29,NSW,42,3,28,
19399,Unincorporated NSW,1061,1008,428,8,76,NSW,117,8,76,
20110,Alpine (S),11891,970,302,6,54,VIC,33,5,NA,
20260,Ararat (RC),11174,938,178,4,32,VIC,11,2,NA,
20570,Ballarat (C),93517,969,297,6,53,VIC,30,4,NA,
20660,Banyule (C),118282,1044,494,9,88,VIC,67,9,NA,
20740,Bass Coast (S),29638,960,254,5,45,VIC,24,3,NA,
20830,Baw Baw (S),42902,983,359,7,64,VIC,45,6,NA,
20910,Bayside (C),91855,1108,548,10,97,VIC,79,10,NA,
21010,Benalla (RC),13672,945,211,4,38,VIC,18,3,NA,
21110,Boroondara (C),159134,1114,551,10,98,VIC,80,10,NA,
21180,Brimbank (C),182703,932,143,3,26,VIC,9,2,NA,
21270,Buloke (S),6372,951,232,5,42,VIC,22,3,NA,
21370,Campaspe (S),36348,947,222,4,40,VIC,20,3,NA,
21450,Cardinia (S),74174,1008,429,8,76,VIC,57,8,NA,
21610,Casey (C),252347,997,404,8,72,VIC,52,7,NA,
21670,Central Goldfields (S),12495,888,57,2,11,VIC,1,1,NA,
21750,Colac-Otway (S),20357,946,218,4,39,VIC,19,3,NA,
21830,Corangamite (S),16386,970,304,6,54,VIC,34,5,NA,
21890,Darebin (C),136470,995,399,8,71,VIC,50,7,NA,
22110,East Gippsland (S),42209,942,192,4,34,VIC,14,2,NA,
22170,Frankston (C),126467,983,354,7,63,VIC,43,6,NA,
22250,Gannawarra (S),10352,940,186,4,33,VIC,13,2,NA,
22310,Glen Eira (C),131002,1074,523,10,93,VIC,74,10,NA,
22410,Glenelg (S),19555,943,200,4,36,VIC,17,3,NA,
22490,Golden Plains (S),18768,1011,436,8,78,VIC,58,8,NA,
22620,Greater Bendigo (C),100547,967,289,6,52,VIC,29,4,NA,
22670,Greater Dandenong (C),135581,905,74,2,14,VIC,2,1,NA,
22750,Greater Geelong (C),210920,980,345,7,62,VIC,39,5,NA,
22830,Greater Shepparton (C),60491,942,193,4,35,VIC,15,2,NA,
22910,Hepburn (S),14356,967,288,6,51,VIC,28,4,NA,
22980,Hindmarsh (S),5800,929,131,3,24,VIC,6,1,NA,
23110,Hobsons Bay (C),83867,1000,409,8,73,VIC,54,7,NA,
23190,Horsham (RC),19273,971,307,6,55,VIC,35,5,NA,
23270,Hume (C),167497,950,230,5,41,VIC,21,3,NA,
23350,Indigo (S),15209,997,403,8,72,VIC,51,7,NA,
23430,Kingston (C),142471,1034,477,9,85,VIC,63,8,NA,
23670,Knox (C),149334,1039,486,9,87,VIC,65,9,NA,
23810,Latrobe (C),72393,929,132,3,24,VIC,7,1,NA,
23940,Loddon (S),7460,926,122,3,22,VIC,4,1,NA,
24130,Macedon Ranges (S),41842,1047,499,9,89,VIC,68,9,NA,
24210,Manningham (C),111312,1081,528,10,94,VIC,76,10,NA,
24250,Mansfield (S),7892,992,388,7,69,VIC,47,6,NA,
24330,Maribyrnong (C),71656,988,378,7,67,VIC,46,6,NA,
24410,Maroondah (C),103880,1034,479,9,85,VIC,64,8,NA,
24600,Melbourne (C),93608,1051,507,9,90,VIC,70,9,NA,
24650,Melton (S),109296,993,392,7,70,VIC,48,6,NA,
24780,Mildura (RC),50997,924,117,3,21,VIC,3,1,NA,
24850,Mitchell (S),34621,979,339,7,61,VIC,38,5,NA,
24900,Moira (S),28140,936,167,3,30,VIC,10,2,NA,
24970,Monash (C),169268,1054,509,10,91,VIC,71,9,NA,
25060,Moonee Valley (C),107469,1031,471,9,84,VIC,62,8,NA,
25150,Moorabool (S),28142,995,398,8,71,VIC,49,7,NA,
25250,Moreland (C),147329,1000,408,8,73,VIC,53,7,NA,
25340,Mornington Peninsula (S),144621,1011,438,8,78,VIC,59,8,NA,
25430,Mount Alexander (S),17605,970,301,6,54,VIC,32,4,NA,
25490,Moyne (S),15953,1005,420,8,75,VIC,55,7,NA,
25620,Murrindindi (S),13054,982,351,7,63,VIC,41,6,NA,
25710,Nillumbik (S),60355,1099,543,10,97,VIC,78,10,NA,
25810,Northern Grampians (S),11852,926,124,3,22,VIC,5,1,NA,
25900,Port Phillip (C),91368,1077,526,10,94,VIC,75,10,NA,
25990,Pyrenees (S),6662,930,135,3,24,VIC,8,1,NA,
26080,Queenscliffe (B),2995,1047,500,9,89,VIC,69,9,NA,
26170,South Gippsland (S),27212,981,348,7,62,VIC,40,5,NA,
26260,Southern Grampians (S),16340,978,334,6,60,VIC,37,5,NA,
26350,Stonnington (C),93174,1098,542,10,96,VIC,77,10,NA,
26430,Strathbogie (S),9504,956,246,5,44,VIC,23,3,NA,
26490,Surf Coast (S),25885,1060,515,10,92,VIC,73,10,NA,
26610,Swan Hill (RC),20474,939,181,4,33,VIC,12,2,NA,
26670,Towong (S),5896,982,353,7,63,VIC,42,6,NA,
26700,Wangaratta (RC),26827,965,277,5,50,VIC,27,4,NA,
26730,Warrnambool (C),32030,970,300,6,54,VIC,31,4,NA,
26810,Wellington (S),41466,961,257,5,46,VIC,25,4,NA,
26890,West Wimmera (S),4250,977,333,6,59,VIC,36,5,NA,
26980,Whitehorse (C),151335,1057,513,10,91,VIC,72,9,NA,
27070,Whittlesea (C),154849,983,357,7,64,VIC,44,6,NA,
27170,Wodonga (RC),35488,963,270,5,48,VIC,26,4,NA,
27260,Wyndham (C),161530,1007,425,8,76,VIC,56,7,NA,
27350,Yarra (C),74048,1042,490,9,87,VIC,66,9,NA,
27450,Yarra Ranges (S),144540,1022,456,9,81,VIC,61,8,NA,
27630,Yarriambiack (S),7099,943,194,4,35,VIC,16,2,NA,
29399,Unincorporated Vic,767,1017,449,8,80,VIC,60,8,NA,
30250,Aurukun (S),1292,586,4,1,1,QLD,3,1,NA,
30300,Balonne (S),4719,950,231,5,41,QLD,46,7,NA,
30370,Banana (S),14451,980,346,7,62,QLD,57,8,NA,
30410,Barcaldine (R),3217,974,320,6,57,QLD,54,8,NA,
30450,Barcoo (S),352,947,224,4,40,QLD,45,7,NA,
30760,Blackall Tambo (R),2209,945,212,4,38,QLD,43,6,NA,
30900,Boulia (S),478,886,51,1,10,QLD,18,3,NA,
31000,Brisbane (C),1042074,1057,512,10,91,QLD,74,10,NA,
31750,Bulloo (S),402,985,366,7,65,QLD,60,9,NA,
31820,Bundaberg (R),89786,917,102,2,19,QLD,27,4,NA,
31900,Burdekin (S),17373,944,208,4,37,QLD,42,6,NA,
31950,Burke (S),521,915,96,2,17,QLD,24,4,NA,
32070,Cairns (R),156176,975,322,6,57,QLD,55,8,NA,
32250,Carpentaria (S),2052,865,44,1,8,QLD,17,3,NA,
32260,Cassowary Coast (R),27676,926,123,3,22,QLD,29,4,NA,
32270,Central Highlands (R),28729,1024,462,9,82,QLD,70,10,NA,
32310,Charters Towers (R),12157,931,138,3,25,QLD,31,5,NA,
32330,Cherbourg (S),1223,556,2,1,1,QLD,2,1,NA,
32450,Cloncurry (S),3231,934,156,3,28,QLD,35,5,NA,
32500,Cook (S),4145,898,66,2,12,QLD,19,3,NA,
32600,Croydon (S),314,938,171,4,31,QLD,37,5,NA,
32750,Diamantina (S),283,917,101,2,18,QLD,26,4,NA,
32770,Doomadgee (S),1283,617,7,1,2,QLD,6,1,NA,
33100,Etheridge (S),894,937,169,3,30,QLD,36,5,NA,
33200,Flinders (S),1791,943,199,4,36,QLD,40,6,NA,
33220,Fraser Coast (R),95348,908,81,2,15,QLD,21,3,NA,
33360,Gladstone (R),57874,1007,423,8,75,QLD,67,9,NA,
33430,Gold Coast (C),494591,1016,445,8,79,QLD,69,10,NA,
33610,Goondiwindi (R),10627,963,265,5,47,QLD,48,7,NA,
33620,Gympie (R),45749,916,98,2,18,QLD,25,4,NA,
33800,Hinchinbrook (S),11551,944,204,4,37,QLD,41,6,NA,
33830,Hope Vale (S),988,678,21,1,4,QLD,10,2,NA,
33960,Ipswich (C),166866,960,253,5,45,QLD,47,7,NA,
33980,Isaac (R),22568,1028,466,9,83,QLD,71,10,NA,
34420,Kowanyama (S),1030,644,9,1,2,QLD,7,1,NA,
34570,Lockhart River (S),488,713,24,1,5,QLD,13,2,NA,
34580,Lockyer Valley (R),34949,938,175,4,31,QLD,38,6,NA,
34590,Logan (C),278080,965,279,5,50,QLD,51,7,NA,
34710,Longreach (R),4196,983,355,7,63,QLD,59,8,NA,
34770,Mackay (R),112812,1007,424,8,76,QLD,68,10,NA,
34800,McKinlay (S),1056,1001,412,8,73,QLD,64,9,NA,
34830,Mapoon (S),264,740,29,1,6,QLD,15,3,NA,
34860,Maranoa (R),13078,989,383,7,68,QLD,62,9,NA,
35010,Moreton Bay (R),377992,999,406,8,72,QLD,63,9,NA,
35250,Mornington (S),1139,669,15,1,3,QLD,9,2,NA,
35300,Mount Isa (C),21237,986,372,7,66,QLD,61,9,NA,
35600,Murweh (S),4613,947,221,4,40,QLD,44,6,NA,
35670,Napranum (S),854,602,6,1,2,QLD,5,1,NA,
35760,North Burnett (R),10128,917,104,2,19,QLD,28,4,NA,
35780,Northern Peninsula Area (R),2299,750,30,1,6,QLD,16,3,NA,
35790,Palm Island (S),2339,650,11,1,2,QLD,8,2,NA,
35800,Paroo (S),1865,905,73,2,13,QLD,20,3,NA,
36070,Pormpuraaw (S),663,687,22,1,4,QLD,11,2,NA,
36150,Quilpie (S),969,941,187,4,34,QLD,39,6,NA,
36250,Redland (C),138641,1030,469,9,84,QLD,72,10,NA,
36300,Richmond (S),826,964,273,5,49,QLD,50,7,NA,
36360,Rockhampton (R),109369,966,282,5,50,QLD,52,7,NA,
36510,Scenic Rim (R),36427,979,338,6,60,QLD,56,8,NA,
36580,Somerset (R),21654,932,148,3,27,QLD,33,5,NA,
36630,South Burnett (R),31006,914,94,2,17,QLD,23,4,NA,
36660,Southern Downs (R),33850,929,130,3,24,QLD,30,5,NA,
36710,Sunshine Coast (R),306889,1001,413,8,74,QLD,65,9,NA,
36810,Tablelands (R),43762,932,149,3,27,QLD,34,5,NA,
36910,Toowoomba (R),151215,980,347,7,62,QLD,58,8,NA,
36950,Torres (S),3255,910,87,2,16,QLD,22,3,NA,
36960,Torres Strait Island (R),4243,729,27,1,5,QLD,14,2,NA,
37010,Townsville (C),174464,1002,415,8,74,QLD,66,9,NA,
37300,Weipa (T),3341,1049,501,9,89,QLD,73,10,NA,
37310,Western Downs (R),31610,963,269,5,48,QLD,49,7,NA,
37340,Whitsunday (R),31393,966,283,6,51,QLD,53,8,NA,
37400,Winton (S),1338,931,139,3,25,QLD,32,5,NA,
37550,Woorabinda (S),942,592,5,1,1,QLD,4,1,NA,
37570,Wujal Wujal (S),269,697,23,1,5,QLD,12,2,NA,
37600,Yarrabah (S),2406,554,1,1,1,QLD,1,1,NA,
40070,Adelaide (C),19606,1036,482,9,86,SA,64,9,NA,
40120,Adelaide Hills (DC),38601,1077,527,10,94,SA,69,10,NA,
40220,Alexandrina (DC),23693,969,298,6,53,SA,38,6,NA,
40250,Anangu Pitjantjatjara (AC),2433,672,17,1,4,SA,1,1,NA,
40310,Barossa (DC),22174,997,402,8,72,SA,55,8,NA,
40430,Barunga West (DC),2467,940,182,4,33,SA,26,4,NA,
40520,Berri and Barmera (DC),10590,899,67,2,12,SA,10,2,NA,
40700,Burnside (C),42168,1090,536,10,95,SA,71,10,NA,
40910,Campbelltown (C),48182,1003,416,8,74,SA,57,8,NA,
41010,Ceduna (DC),3485,922,114,3,21,SA,16,3,NA,
41060,Charles Sturt (C),104922,971,306,6,55,SA,40,6,NA,
41140,Clare and Gilbert Valleys (,8750,984,361,7,64,SA,48,7,NA,
41190,Cleve (DC),1729,995,397,8,71,SA,54,8,NA,
41330,Coober Pedy (DC),1694,869,46,1,9,SA,5,1,NA,
41560,Copper Coast (DC),12929,910,83,2,15,SA,12,2,NA,
41750,Elliston (DC),1045,978,335,6,60,SA,46,7,NA,
41830,Flinders Ranges (DC),1703,944,206,4,37,SA,27,4,NA,
41960,Franklin Harbour (DC),1271,951,236,5,42,SA,29,5,NA,
42030,Gawler (T),20546,952,237,5,42,SA,30,5,NA,
42110,Goyder (DC),4178,931,140,3,25,SA,21,3,NA,
42250,Grant (DC),7840,994,396,8,71,SA,53,8,NA,
42600,Holdfast Bay (C),34646,1034,478,9,85,SA,63,9,NA,
42750,Kangaroo Island (DC),4415,963,268,5,48,SA,35,5,NA,
43080,Karoonda East Murray (DC),1035,972,312,6,56,SA,41,6,NA,
43220,Kimba (DC),1087,1019,453,9,81,SA,60,9,NA,
43360,Kingston (DC),2290,955,245,5,44,SA,31,5,NA,
43650,Light (RegC),13785,1010,432,8,77,SA,58,9,NA,
43710,Lower Eyre Peninsula (DC),4916,994,394,7,70,SA,52,8,NA,
43790,Loxton Waikerie (DC),11266,932,146,3,26,SA,23,4,NA,
43920,Mallala (DC),8333,962,263,5,47,SA,34,5,NA,
44000,Maralinga Tjarutja (AC),73,728,26,1,5,SA,2,1,NA,
44060,Marion (C),83005,990,384,7,68,SA,50,7,NA,
44210,Mid Murray (DC),8134,917,105,2,19,SA,14,2,NA,
44340,Mitcham (C),62912,1068,521,10,93,SA,66,10,NA,
44550,Mount Barker (DC),29806,1021,455,9,81,SA,61,9,NA,
44620,Mount Gambier (C),25254,911,90,2,16,SA,13,2,NA,
44830,Mount Remarkable (DC),2868,970,299,6,53,SA,39,6,NA,
45040,Murray Bridge (RC),19742,887,55,1,10,SA,7,1,NA,
45090,Naracoorte and Lucindale (D,8118,975,324,6,58,SA,44,7,NA,
45120,Northern Areas (DC),4497,965,274,5,49,SA,37,6,NA,
45290,Norwood Payneham St Peters,34863,1030,468,9,83,SA,62,9,NA,
45340,Onkaparinga (C),159517,975,321,6,57,SA,43,6,NA,
45400,Orroroo/Carrieton (DC),871,982,352,7,63,SA,47,7,NA,
45540,Peterborough (DC),1733,808,34,1,7,SA,3,1,NA,
45680,Playford (C),79082,868,45,1,8,SA,4,1,NA,
45890,Port Adelaide Enfield (C),112797,929,134,3,24,SA,20,3,NA,
46090,Port Augusta (C),13978,897,64,2,12,SA,8,2,NA,
46300,Port Lincoln (C),14083,931,141,3,25,SA,22,4,NA,
46450,Port Pirie City and Dists (,17360,882,49,1,9,SA,6,1,NA,
46510,Prospect (C),19950,1040,487,9,87,SA,65,10,NA,
46670,Renmark Paringa (DC),9231,907,79,2,14,SA,11,2,NA,
46860,Robe (DC),1399,990,386,7,69,SA,51,8,NA,
46970,Roxby Downs (M),4694,1086,533,10,95,SA,70,10,NA,
47140,Salisbury (C),129067,924,118,3,21,SA,17,3,NA,
47290,Southern Mallee (DC),2097,973,314,6,56,SA,42,6,NA,
47490,Streaky Bay (DC),2110,963,271,5,48,SA,36,6,NA,
47630,Tatiara (DC),6559,976,330,6,59,SA,45,7,NA,
47700,Tea Tree Gully (C),95461,1019,452,9,81,SA,59,9,NA,
47800,The Coorong (DC),5520,935,159,3,29,SA,25,4,NA,
47910,Tumby Bay (DC),2573,961,260,5,47,SA,33,5,NA,
47980,Unley (C),36813,1071,522,10,93,SA,67,10,NA,
48050,Victor Harbor (C),13843,948,226,5,41,SA,28,4,NA,
48130,Wakefield (DC),6663,926,125,3,23,SA,18,3,NA,
48260,Walkerville (M),7008,1076,525,10,93,SA,68,10,NA,
48340,Wattle Range (DC),11632,927,127,3,23,SA,19,3,NA,
48410,West Torrens (C),54932,989,381,7,68,SA,49,7,NA,
48540,Whyalla (C),22070,897,65,2,12,SA,9,2,NA,
48640,Wudinna (DC),1256,999,407,8,73,SA,56,8,NA,
48750,Yankalilla (DC),4406,957,247,5,44,SA,32,5,NA,
48830,Yorke Peninsula (DC),11046,933,152,3,27,SA,24,4,NA,
49399,Unincorporated SA,4433,919,107,2,19,SA,15,3,NA,
50080,Albany (C),33614,977,332,6,59,WA,64,5,46,
50210,Armadale (C),62295,993,393,7,70,WA,82,6,59,
50250,Ashburton (S),9995,1029,467,9,83,WA,110,8,79,
50280,Augusta-Margaret River (S),11763,1013,440,8,78,WA,98,8,71,
50350,Bassendean (T),14404,1003,417,8,74,WA,86,7,62,
50420,Bayswater (C),61234,1023,458,9,82,WA,105,8,76,
50490,Belmont (C),35186,990,385,7,69,WA,80,6,58,
50560,Beverley (S),1565,936,165,3,30,WA,24,2,18,
50630,Boddington (S),2226,1025,464,9,83,WA,109,8,78,
50770,Boyup Brook (S),1586,985,364,7,65,WA,73,6,53,
50840,Bridgetown-Greenbushes (S),4333,968,291,6,52,WA,49,4,36,
50910,Brookton (S),937,948,225,4,40,WA,33,3,24,
50980,Broome (S),15011,966,284,6,51,WA,47,4,34,
51080,Broomehill-Tambellup (S),1145,967,286,6,51,WA,48,4,35,
51120,Bruce Rock (S),973,965,275,5,49,WA,44,4,32,
51190,Bunbury (C),31341,963,267,5,48,WA,43,4,31,
51260,Busselton (S),30337,1002,414,8,74,WA,85,7,61,
51310,Cambridge (T),24973,1140,560,10,100,WA,136,10,98,
51330,Canning (C),85499,1045,497,9,88,WA,119,9,86,
51400,Capel (S),14625,1046,498,9,89,WA,120,9,86,
51470,Carnamah (S),541,980,344,7,61,WA,68,5,49,
51540,Carnarvon (S),5786,925,120,3,22,WA,17,2,13,
51610,Chapman Valley (S),1167,1015,444,8,79,WA,102,8,73,
51680,Chittering (S),4426,1042,489,9,87,WA,117,9,84,
51750,Claremont (T),9280,1116,552,10,98,WA,135,10,97,
51820,Cockburn (C),89642,1043,491,9,87,WA,118,9,85,
51890,Collie (S),9117,947,220,4,39,WA,32,3,23,
51960,Coolgardie (S),3992,934,157,3,28,WA,23,2,17,
52030,Coorow (S),1069,954,244,5,44,WA,37,3,27,
52100,Corrigin (S),1067,976,325,6,58,WA,61,5,44,
52170,Cottesloe (T),7598,1141,561,10,100,WA,137,10,98,
52240,Cranbrook (S),1079,966,281,5,50,WA,46,4,33,
52310,Cuballing (S),866,992,389,7,69,WA,81,6,58,
52380,Cue (S),269,864,42,1,8,WA,10,1,8,
52450,Cunderdin (S),1305,981,349,7,62,WA,69,5,50,
52520,Dalwallinu (S),1265,1014,442,8,79,WA,100,8,72,
52590,Dandaragan (S),3191,994,395,7,70,WA,83,6,60,
52660,Dardanup (S),12397,1016,447,8,80,WA,103,8,74,
52730,Denmark (S),5197,987,374,7,67,WA,75,6,54,
52800,Derby-West Kimberley (S),8455,791,32,1,6,WA,5,1,4,
52870,Donnybrook-Balingup (S),5317,989,382,7,68,WA,79,6,57,
52940,Dowerin (S),679,976,329,6,59,WA,63,5,46,
53010,Dumbleyung (S),607,1011,435,8,77,WA,95,7,68,
53080,Dundas (S),1145,896,62,2,11,WA,11,1,8,
53150,East Fremantle (T),6925,1106,547,10,97,WA,134,10,96,
53220,East Pilbara (S),11940,961,258,5,46,WA,39,3,28,
53290,Esperance (S),13449,980,341,7,61,WA,66,5,48,
53360,Exmouth (S),2386,1015,443,8,79,WA,101,8,73,
53430,Fremantle (C),26562,1024,463,9,82,WA,108,8,78,
53520,Geraldton-Greenough (C),36451,972,310,6,55,WA,55,4,40,
53570,Gingin (S),4678,984,362,7,65,WA,71,6,51,
53640,Gnowangerup (S),1274,988,375,7,67,WA,76,6,55,
53710,Goomalling (S),985,961,259,5,46,WA,40,3,29,
53780,Gosnells (C),106582,1005,419,8,75,WA,88,7,63,
53920,Halls Creek (S),3563,671,16,1,3,WA,1,1,1,
53990,Harvey (S),23229,1010,433,8,77,WA,94,7,68,
54060,Irwin (S),3568,972,313,6,56,WA,57,5,41,
54130,Jerramungup (S),1063,1021,454,9,81,WA,104,8,75,
54170,Joondalup (C),152389,1093,539,10,96,WA,132,10,95,
54200,Kalamunda (S),53540,1051,508,9,90,WA,122,9,88,
54280,Kalgoorlie/Boulder (C),31098,1009,431,8,77,WA,93,7,67,
54340,Katanning (S),4183,909,82,2,15,WA,14,2,11,
54410,Kellerberrin (S),1176,905,72,2,13,WA,12,1,9,
54480,Kent (S),516,1060,516,10,92,WA,125,9,90,
54550,Kojonup (S),1974,985,370,7,66,WA,74,6,53,
54620,Kondinin (S),1041,984,360,7,64,WA,70,6,51,
54690,Koorda (S),434,965,276,5,49,WA,45,4,33,
54760,Kulin (S),832,1006,421,8,75,WA,89,7,64,
54830,Kwinana (T),29234,963,266,5,48,WA,42,4,31,
54900,Lake Grace (S),1368,1023,459,9,82,WA,106,8,76,
54970,Laverton (S),1228,795,33,1,6,WA,6,1,5,
55040,Leonora (S),2506,969,296,6,53,WA,53,4,38,
55110,Mandurah (C),69960,974,319,6,57,WA,59,5,43,
55180,Manjimup (S),9193,946,215,4,39,WA,30,3,22,
55250,Meekatharra (S),1374,857,38,1,7,WA,8,1,6,
55320,Melville (C),95688,1092,538,10,96,WA,131,10,94,
55390,Menzies (S),383,675,20,1,4,WA,3,1,3,
55460,Merredin (S),3275,968,292,6,52,WA,50,4,36,
55530,Mingenew (S),479,972,311,6,56,WA,56,5,41,
55600,Moora (S),2478,971,305,6,54,WA,54,4,39,
55670,Morawa (S),892,957,248,5,44,WA,38,3,28,
55740,Mosman Park (T),8599,1087,534,10,95,WA,130,10,93,
55810,Mount Magnet (S),643,862,40,1,8,WA,9,1,7,
55880,Mount Marshall (S),478,1034,480,9,85,WA,113,9,81,
55950,Mukinbudin (S),497,1004,418,8,74,WA,87,7,63,
56020,Mullewa (S),715,941,189,4,34,WA,28,3,21,
56090,Mundaring (S),36506,1055,510,10,91,WA,123,9,88,
56160,Murchison (S),115,910,86,2,16,WA,15,2,11,
56230,Murray (S),14144,976,326,6,58,WA,62,5,45,
56300,Nannup (S),1268,968,294,6,53,WA,51,4,37,
56370,Narembeen (S),815,989,379,7,68,WA,78,6,56,
56450,Narrogin (S),874,1057,514,10,91,WA,124,9,89,
56520,Narrogin (T),4226,932,145,3,26,WA,22,2,16,
56580,Nedlands (C),20514,1144,562,10,100,WA,138,10,99,
56620,Ngaanyatjarraku (S),1438,672,18,1,4,WA,2,1,2,
56730,Northam (S),10569,938,174,4,31,WA,25,2,18,
56790,Northampton (S),3188,947,219,4,39,WA,31,3,23,
56860,Nungarin (S),231,963,264,5,47,WA,41,3,30,
56930,Peppermint Grove (S),1523,1155,564,10,100,WA,139,10,100,
57000,Perenjori (S),906,1008,427,8,76,WA,91,7,66,
57080,Perth (C),16735,1082,530,10,94,WA,129,10,93,
57140,Pingelly (S),1170,907,78,2,14,WA,13,1,10,
57210,Plantagenet (S),4883,953,241,5,43,WA,35,3,26,
57280,Port Hedland (T),15052,1042,488,9,87,WA,116,9,83,
57350,Quairading (S),1042,930,136,3,25,WA,19,2,14,
57420,Ravensthorpe (S),2123,1008,426,8,76,WA,90,7,65,
57490,Rockingham (C),104076,1012,439,8,78,WA,97,7,70,
57560,Roebourne (S),22927,1064,519,10,92,WA,126,10,91,
57630,Sandstone (S),105,932,144,3,26,WA,21,2,16,
57700,Serpentine-Jarrahdale (S),17736,1050,502,9,89,WA,121,9,87,
57770,Shark Bay (S),861,953,238,5,43,WA,34,3,25,
57840,South Perth (C),40761,1082,529,10,94,WA,128,10,92,
57910,Stirling (C),195644,1038,483,9,86,WA,115,9,83,
57980,Subiaco (C),17565,1093,540,10,96,WA,133,10,96,
58050,Swan (C),108435,1014,441,8,79,WA,99,8,71,
58190,Tammin (S),403,980,342,7,61,WA,67,5,48,
58260,Three Springs (S),622,954,243,5,44,WA,36,3,26,
58330,Toodyay (S),4385,988,377,7,67,WA,77,6,56,
58400,Trayning (S),347,943,198,4,36,WA,29,3,21,
58470,Upper Gascoyne (S),243,760,31,1,6,WA,4,1,3,
58510,Victoria Park (T),32438,1030,470,9,84,WA,111,8,80,
58540,Victoria Plains (S),900,998,405,8,72,WA,84,7,61,
58570,Vincent (T),31562,1074,524,10,93,WA,127,10,91,
58610,Wagin (S),1846,940,184,4,33,WA,26,2,19,
58680,Wandering (S),438,1032,474,9,84,WA,112,9,81,
58760,Wanneroo (C),152140,1035,481,9,86,WA,114,9,82,
58820,Waroona (S),3583,941,188,4,34,WA,27,2,20,
58890,West Arthur (S),874,1024,461,9,82,WA,107,8,77,
59030,Westonia (S),276,985,363,7,65,WA,72,6,52,
59100,Wickepin (S),748,974,316,6,56,WA,58,5,42,
59170,Williams (S),912,1011,437,8,78,WA,96,7,69,
59250,Wiluna (S),1154,814,35,1,7,WA,7,1,6,
59310,Wongan-Ballidu (S),1434,979,337,6,60,WA,65,5,47,
59320,Woodanilling (S),417,1009,430,8,77,WA,92,7,66,
59330,Wyalkatchem (S),524,931,142,3,26,WA,20,2,15,
59340,Wyndham-East Kimberley (S),7798,911,89,2,16,WA,16,2,12,
59350,Yalgoo (S),402,928,128,3,23,WA,18,2,13,
59360,Yilgarn (S),1642,969,295,6,53,WA,52,4,38,
59370,York (S),3379,975,323,6,58,WA,60,5,43,
60210,Break O'Day (M),6202,882,48,1,9,TAS,3,2,NA,
60410,Brighton (M),15441,859,39,1,7,TAS,1,1,NA,
60610,Burnie (C),19316,907,80,2,15,TAS,10,4,NA,
60810,Central Coast (M),21393,938,177,4,32,TAS,19,7,NA,
61010,Central Highlands (M),2262,891,61,2,11,TAS,6,3,NA,
61210,Circular Head (M),7967,925,119,3,22,TAS,16,6,NA,
61410,Clarence (C),51878,988,376,7,67,TAS,26,9,NA,
61510,Derwent Valley (M),9688,884,50,1,9,TAS,4,2,NA,
61610,Devonport (C),24595,902,71,2,13,TAS,9,4,NA,
61810,Dorset (M),6805,910,84,2,15,TAS,11,4,NA,
62010,Flinders (M),770,953,239,5,43,TAS,23,8,NA,
62210,George Town (M),6638,862,41,1,8,TAS,2,1,NA,
62410,Glamorgan/Spring Bay (M),4188,916,100,2,18,TAS,12,5,NA,
62610,Glenorchy (C),44730,899,69,2,13,TAS,8,3,NA,
62810,Hobart (C),48741,1044,496,9,88,TAS,29,10,NA,
63010,Huon Valley (M),15126,936,162,3,29,TAS,18,7,NA,
63210,Kentish (M),6091,921,113,3,21,TAS,15,6,NA,
63410,King Island (M),1570,953,240,5,43,TAS,24,9,NA,
63610,Kingborough (M),33896,1026,465,9,83,TAS,28,10,NA,
63810,Latrobe (M),9830,947,223,4,40,TAS,22,8,NA,
64010,Launceston (C),64161,930,137,3,25,TAS,17,6,NA,
64210,Meander Valley (M),18867,964,272,5,49,TAS,25,9,NA,
64610,Northern Midlands (M),12248,944,202,4,36,TAS,21,8,NA,
64810,Sorell (M),13197,943,197,4,35,TAS,20,7,NA,
65010,Southern Midlands (M),6046,917,106,2,19,TAS,13,5,NA,
65210,Tasman (M),2355,896,63,2,12,TAS,7,3,NA,
65410,Waratah/Wynyard (M),13694,921,112,2,20,TAS,14,5,NA,
65610,West Coast (M),4682,887,53,1,10,TAS,5,2,NA,
65810,West Tamar (M),21836,993,390,7,70,TAS,27,10,NA,
70200,Alice Springs (T),25181,1010,434,8,77,NT,13,8,NA,
70420,Barkly (S),6820,738,28,1,5,NT,9,6,NA,
70540,Belyuen (S),181,579,3,1,1,NT,1,1,NA,
70620,Central Desert (S),3736,646,10,1,2,NT,3,2,NA,
70700,Coomalie (S),1111,889,59,2,11,NT,10,6,NA,
71000,Darwin (C),72972,1044,493,9,88,NT,17,10,NA,
71300,East Arnhem (S),9102,624,8,1,2,NT,2,2,NA,
72200,Katherine (T),9184,944,203,4,36,NT,11,7,NA,
72300,Litchfield (M),19000,1032,475,9,85,NT,16,9,NA,
72330,MacDonnell (S),5848,674,19,1,4,NT,7,4,NA,
72800,Palmerston (C),27714,1023,460,9,82,NT,15,9,NA,
73600,Roper Gulf (S),6121,650,12,1,3,NT,4,3,NA,
74050,Tiwi Islands (S),2578,667,14,1,3,NT,6,4,NA,
74500,Victoria-Daly (S),5917,662,13,1,3,NT,5,3,NA,
74560,Wagait (S),368,977,331,6,59,NT,12,7,NA,
74660,West Arnhem (S),6224,715,25,1,5,NT,8,5,NA,
79399,Unincorporated NT,7982,1016,446,8,79,NT,14,8,NA,
89399,Unincorporated ACT,356527,1090,535,10,95,ACT,1,NA,NA,
,,,,,,,,,,,